ride_id,number_of_tickets
247,1
256,1
275,1
285,1
286,1
287,1
288,1
292,1
298,1
302,1
310,1
311,1
329,1
341,1
344,1
358,1
364,1
373,1
374,1
377,1
399,1
401,1
410,1
418,1
427,1
432,1
434,1
436,1
438,1
464,1
468,1
469,1
470,1
471,1
473,1
475,1
485,1
486,1
494,1
496,1
508,1
519,1
530,1
531,1
545,1
553,1
563,1
573,1
583,1
592,1
595,1
605,1
606,1
617,1
640,1
651,1
662,1
670,1
674,1
679,1
697,1
700,1
709,1
718,1
735,1
757,1
760,1
765,1
780,1
793,1
807,1
841,1
854,1
856,1
888,1
902,1
956,1
964,1
965,1
971,1
972,1
977,1
978,1
988,1
1014,1
1044,1
1054,1
1078,1
1114,1
1123,1
1136,1
1152,1
1166,1
1184,1
1185,1
1201,1
1210,1
1223,1
1232,1
1246,1
1252,1
1264,1
1265,1
1276,1
1332,1
1359,1
1370,1
1424,1
1425,1
1442,1
1457,1
1505,1
1531,1
1566,1
1593,1
1613,1
1614,1
1620,1
1623,1
1627,1
1633,1
1636,1
1639,1
1651,1
1668,1
1669,1
1670,1
1671,1
1673,1
1675,1
1687,1
1689,1
1695,1
1704,1
1722,1
1736,1
1750,1
1789,1
1816,1
1823,1
1879,1
1894,1
1904,1
1923,1
1930,1
1931,1
1937,1
1942,1
1967,1
1968,1
1974,1
1976,1
1977,1
1986,1
1993,1
2000,1
2004,1
2014,1
2018,1
2021,1
2036,1
2037,1
2059,1
2084,1
2087,1
2140,1
2157,1
2170,1
2172,1
2175,1
2201,1
2261,1
2280,1
2283,1
2289,1
2298,1
2306,1
2314,1
2317,1
2363,1
2365,1
2366,1
2391,1
2394,1
2404,1
2406,1
2417,1
2430,1
2437,1
2454,1
2487,1
2491,1
2500,1
2524,1
2543,1
2565,1
2598,1
2599,1
2615,1
2620,1
2636,1
2651,1
2652,1
2658,1
2678,1
2700,1
2714,1
2731,1
2755,1
2837,1
2843,1
2907,1
2908,1
2932,1
2934,1
2936,1
2937,1
2955,1
2957,1
3016,1
3037,1
3047,1
3149,1
3156,1
3167,1
3257,1
3274,1
3304,1
3345,1
3346,1
3354,1
3373,1
3417,1
3420,1
3428,1
3433,1
3434,1
3436,1
3442,1
3452,1
3469,1
3472,1
3478,1
3480,1
3484,1
3498,1
3507,1
3511,1
3513,1
3524,1
3530,1
3531,1
3532,1
3534,1
3535,1
3546,1
3548,1
3555,1
3556,1
3575,1
3578,1
3582,1
3583,1
3584,1
3585,1
3586,1
3604,1
3613,1
3614,1
3615,1
3652,1
3697,1
3707,1
3717,1
3731,1
3741,1
3750,1
3767,1
3805,1
3814,1
3818,1
3846,1
3921,1
3965,1
3970,1
3991,1
4010,1
4011,1
4039,1
4040,1
4114,1
4115,1
4127,1
4134,1
4135,1
4141,1
4143,1
4162,1
4172,1
4177,1
4193,1
4210,1
4220,1
4242,1
4248,1
4338,1
4372,1
4373,1
4380,1
4429,1
4446,1
4523,1
4548,1
4565,1
4581,1
4617,1
4669,1
4670,1
4697,1
4717,1
4722,1
4732,1
4743,1
4795,1
4809,1
4846,1
4873,1
4940,1
4972,1
4973,1
4981,1
5007,1
5038,1
5040,1
5089,1
5118,1
5123,1
5129,1
5141,1
5151,1
5157,1
5168,1
5174,1
5180,1
5188,1
5238,1
5239,1
5240,1
5241,1
5245,1
5248,1
5249,1
5250,1
5251,1
5252,1
5253,1
5261,1
5268,1
5273,1
5274,1
5275,1
5276,1
5280,1
5283,1
5285,1
5286,1
5289,1
5295,1
5298,1
5302,1
5303,1
5305,1
5307,1
5311,1
5312,1
5316,1
5323,1
5330,1
5335,1
5337,1
5339,1
5345,1
5350,1
5361,1
5362,1
5369,1
5373,1
5376,1
5377,1
5379,1
5380,1
5383,1
5384,1
5392,1
5393,1
5399,1
5404,1
5408,1
5409,1
5411,1
5423,1
5424,1
5429,1
5430,1
5432,1
5437,1
5438,1
5441,1
5455,1
5457,1
5458,1
5459,1
5469,1
5470,1
5474,1
5475,1
5476,1
5479,1
5482,1
5483,1
5484,1
5490,1
5492,1
5493,1
5495,1
5497,1
5498,1
5500,1
5501,1
5502,1
5503,1
5516,1
5517,1
5522,1
5523,1
5524,1
5535,1
5538,1
5541,1
5544,1
5545,1
5546,1
5548,1
5552,1
5553,1
5554,1
5557,1
5559,1
5560,1
5564,1
5565,1
5567,1
5568,1
5569,1
5571,1
5573,1
5583,1
5585,1
5586,1
5589,1
5591,1
5593,1
5596,1
5597,1
5598,1
5599,1
5600,1
5611,1
5631,1
5632,1
5633,1
5634,1
5636,1
5637,1
5638,1
5640,1
5642,1
5643,1
5644,1
5645,1
5648,1
5650,1
5653,1
5655,1
5658,1
5659,1
5660,1
5661,1
5663,1
5664,1
5665,1
5666,1
5667,1
5668,1
5669,1
5670,1
5671,1
5674,1
5675,1
5676,1
5677,1
5678,1
5679,1
5680,1
5681,1
5682,1
5684,1
5685,1
5692,1
5693,1
5694,1
5695,1
5696,1
5697,1
5698,1
5699,1
5703,1
5707,1
5708,1
5709,1
5710,1
5711,1
5712,1
5716,1
5717,1
5718,1
5723,1
5727,1
5731,1
5733,1
5739,1
5742,1
5743,1
5744,1
5745,1
5747,1
5748,1
5749,1
5750,1
5760,1
5761,1
5765,1
5766,1
5767,1
5768,1
5777,5
5778,31
5779,1
5780,1
5781,26
5782,1
5784,1
5789,1
5790,2
5791,1
5792,1
5793,1
5794,2
5795,1
5796,2
5797,3
5798,1
5800,2
5801,11
5802,3
5803,11
5804,1
5808,2
5809,1
5810,1
5811,1
5812,1
5816,1
5817,1
5822,1
5823,2
5824,1
5825,1
5826,1
5830,1
5834,1
5835,2
5836,1
5837,1
5838,1
5839,1
5840,1
5844,1
5845,1
5849,1
5850,1
5851,1
5852,1
5853,1
5856,11
5857,4
5858,11
5861,1
5862,1
5863,1
5864,1
5867,9
5868,6
5873,1
5874,5
5875,3
5876,1
5878,2
5880,11
5881,1
5882,4
5886,1
5887,1
5888,1
5889,1
5890,1
5894,11
5897,11
5898,1
5899,1
5901,11
5902,5
5910,11
5918,1
5919,1
5920,1
5921,1
5922,1
5923,1
5924,1
5925,1
5928,1
5929,8
5931,1
5933,1
5937,1
5940,1
5941,3
5942,1
5943,1
5944,1
5945,1
5946,1
5947,11
5950,10
5951,6
5953,1
5957,6
5958,1
5959,1
5960,1
5961,1
5964,2
5965,1
5969,2
5971,1
5972,2
5973,1
5976,2
5982,4
5983,1
5984,1
5985,1
5986,1
5988,3
5993,1
5994,1
5995,1
5996,2
5997,1
5998,1
6000,1
6003,5
6008,2
6009,1
6010,1
6013,1
6015,8
6019,2
6020,1
6021,1
6022,1
6029,1
6030,1
6031,1
6032,1
6037,1
6038,1
6039,1
6040,1
6041,1
6042,1
6045,1
6049,2
6050,1
6051,1
6055,4
6058,1
6059,2
6060,1
6065,1
6066,1
6067,1
6068,1
6069,1
6070,1
6073,1
6080,1
6081,1
6082,1
6083,1
6084,1
6085,1
6088,2
6089,1
6095,2
6096,1
6097,2
6099,1
6105,1
6106,1
6112,2
6113,1
6114,1
6115,1
6116,1
6117,1
6120,1
6122,1
6126,1
6127,2
6128,1
6129,1
6130,1
6131,1
6132,1
6133,1
6134,4
6135,6
6138,5
6139,2
6143,1
6144,2
6145,1
6146,1
6147,1
6148,1
6149,1
6153,4
6154,5
6162,3
6163,1
6164,1
6165,1
6166,1
6167,1
6168,1
6169,1
6171,1
6176,2
6177,2
6178,1
6179,1
6180,1
6183,1
6187,1
6188,1
6189,3
6190,1
6191,1
6193,1
6194,1
6195,1
6199,2
6200,1
6202,8
6206,5
6207,4
6208,2
6209,1
6210,3
6211,1
6212,1
6215,1
6221,1
6222,6
6223,1
6224,1
6226,3
6231,1
6232,1
6233,1
6234,1
6235,1
6236,1
6237,1
6238,1
6239,1
6242,1
6243,1
6245,11
6251,2
6252,1
6253,1
6254,1
6255,1
6261,1
6262,1
6267,2
6268,2
6269,2
6277,3
6278,1
6279,1
6280,1
6281,1
6282,1
6301,1
6302,24
6303,5
6305,1
6306,9
6310,2
6311,1
6314,2
6315,10
6316,8
6317,8
6319,9
6321,1
6324,7
6325,6
6327,8
6330,8
6335,10
6337,1
6338,3
6339,1
6340,10
6342,5
6343,6
6344,1
6345,1
6346,4
6347,5
6348,5
6349,9
6350,9
6351,6
6352,10
6354,10
6355,10
6356,3
6357,6
6358,11
6360,11
6361,7
6364,10
6366,11
6367,10
6368,11
6370,10
6371,9
6372,2
6373,4
6375,1
6378,11
6381,10
6384,22
6385,8
6386,1
6387,7
6388,9
6389,8
6390,11
6391,9
6392,11
6393,2
6394,11
6395,11
6396,11
6397,10
6398,11
6399,1
6400,1
6401,8
6402,6
6403,11
6404,10
6405,9
6406,10
6407,7
6408,8
6409,15
6414,1
6420,10
6422,3
6423,9
6424,3
6425,10
6426,6
6428,6
6434,3
6435,5
6436,1
6440,1
6447,1
6449,1
6453,3
6454,9
6455,10
6456,11
6459,9
6461,11
6464,11
6465,1
6466,3
6468,11
6470,3
6471,1
6472,1
6476,1
6477,1
6485,5
6486,1
6487,9
6488,10
6490,8
6491,10
6492,1
6493,11
6494,3
6495,6
6496,6
6497,8
6498,8
6499,11
6500,10
6501,4
6504,9
6507,10
6508,8
6509,17
6512,2
6518,1
6520,1
6522,10
6527,10
6529,3
6530,8
6531,3
6532,25
6533,8
6534,5
6535,15
6536,11
6537,1
6538,1
6539,5
6540,11
6541,7
6542,5
6543,8
6544,11
6545,8
6546,7
6547,1
6550,1
6557,12
6558,10
6559,3
6560,3
6561,11
6562,1
6563,8
6564,8
6565,4
6566,8
6567,11
6568,5
6569,11
6570,1
6571,9
6572,11
6573,6
6574,4
6575,31
6576,1
6577,1
6580,1
6585,8
6591,8
6592,4
6593,7
6594,5
6595,2
6596,6
6597,2
6598,25
6599,27
6600,10
6601,11
6602,1
6603,21
6604,5
6605,3
6606,6
6607,7
6608,1
6609,1
6612,8
6613,6
6614,2
6618,21
6621,1
6622,24
6623,1
6624,1
6625,4
6626,4
6627,6
6628,10
6629,7
6630,11
6631,10
6632,9
6633,11
6634,8
6635,11
6636,10
6637,10
6638,11
6639,10
6640,8
6641,8
6642,11
6643,8
6644,2
6645,11
6646,2
6647,11
6648,1
6649,8
6650,1
6651,2
6652,1
6653,8
6654,2
6655,23
6661,7
6664,10
6665,6
6666,26
6667,15
6668,10
6669,8
6670,1
6671,11
6672,10
6673,9
6674,9
6675,8
6676,1
6677,12
6678,2
6679,2
6680,5
6681,10
6682,11
6683,4
6684,4
6685,5
6686,4
6687,10
6688,11
6689,6
6690,1
6691,5
6692,8
6693,3
6694,4
6695,6
6696,5
6697,3
6698,6
6699,6
6700,5
6701,1
6702,1
6703,9
6705,11
6706,11
6708,11
6709,11
6710,11
6711,1
6712,5
6714,2
6715,11
6719,2
6720,11
6721,4
6722,1
6723,1
6724,1
6725,11
6726,1
6727,1
6730,11
6731,6
6732,1
6733,8
6737,3
6741,4
6742,1
6743,1
6744,3
6746,3
6747,33
6748,1
6749,26
6750,1
6752,1
6753,6
6754,7
6760,8
6762,8
6764,1
6765,1
6766,10
6767,1
6768,7
6769,3
6770,19
6771,8
6772,5
6773,1
6774,8
6775,10
6776,2
6777,9
6778,33
6779,16
6780,17
6781,10
6782,1
6783,10
6784,11
6785,11
6786,7
6787,7
6788,10
6789,11
6790,8
6791,9
6792,11
6794,11
6795,7
6796,5
6797,2
6798,7
6799,11
6800,11
6801,6
6802,11
6803,11
6804,11
6805,10
6806,31
6807,11
6808,11
6809,10
6810,2
6811,10
6812,8
6813,9
6814,9
6815,1
6816,8
6817,2
6818,1
6821,11
6822,1
6823,9
6824,11
6825,5
6826,11
6828,10
6835,3
6836,22
6837,8
6838,1
6839,1
6840,1
6841,4
6842,1
6843,11
6844,2
6845,8
6846,11
6847,1
6848,10
6849,9
6850,1
6851,10
6852,28
6853,11
6854,11
6859,9
6860,7
6862,2
6863,3
6864,3
6865,1
6866,2
6867,1
6868,3
6869,4
6870,26
6871,36
6872,4
6873,33
6874,1
6875,10
6876,26
6877,1
6878,10
6879,11
6880,1
6881,9
6882,11
6883,13
6884,8
6885,1
6886,5
6887,1
6888,9
6889,9
6890,7
6891,1
6892,2
6893,4
6894,7
6895,9
6896,1
6897,8
6904,16
6905,10
6906,9
6907,7
6908,9
6909,7
6910,9
6911,9
6912,5
6913,5
6914,5
6915,1
6916,11
6917,11
6918,10
6919,11
6920,6
6921,3
6922,9
6923,19
6924,9
6925,11
6926,8
6927,6
6928,10
6929,7
6930,6
6931,10
6932,1
6933,6
6934,11
6935,1
6936,1
6937,8
6938,1
6939,1
6943,1
6944,1
6947,10
6948,30
6949,8
6950,4
6951,1
6952,25
6953,8
6954,1
6955,4
6956,5
6957,9
6958,1
6959,6
6965,11
6966,1
6967,1
6968,6
6969,7
6970,6
6971,10
6972,41
6973,11
6974,5
6975,4
6976,8
6977,11
6978,1
6979,2
6980,9
6981,11
6982,2
6983,13
6984,10
6985,14
6986,11
6987,11
6988,11
6989,11
6990,7
6992,1
6993,1
6994,3
6995,11
6996,3
6997,11
6998,11
6999,1
7000,1
7001,19
7002,2
7003,11
7004,1
7005,1
7006,1
7007,18
7010,10
7015,1
7016,2
7017,1
7018,32
7019,7
7020,7
7021,3
7022,10
7023,8
7024,11
7025,10
7026,3
7027,11
7028,28
7029,20
7030,11
7031,11
7032,5
7033,6
7034,10
7035,10
7036,1
7037,8
7045,21
7046,17
7047,1
7048,8
7049,11
7050,19
7051,8
7052,10
7053,9
7054,1
7055,11
7056,11
7057,1
7058,2
7059,8
7060,11
7061,9
7062,11
7063,7
7064,9
7065,10
7066,9
7067,9
7068,8
7069,2
7070,6
7071,10
7072,6
7073,19
7074,9
7075,9
7076,8
7077,10
7078,5
7079,3
7082,3
7083,2
7091,1
7095,11
7096,1
7097,8
7098,1
7099,1
7100,5
7101,9
7102,1
7103,11
7104,1
7105,11
7106,1
7107,9
7108,10
7109,40
7110,35
7111,1
7112,3
7113,8
7114,1
7115,4
7120,2
7121,8
7122,11
7123,8
7124,6
7125,10
7126,10
7127,9
7128,10
7129,19
7130,11
7131,37
7132,24
7133,1
7135,1
7136,10
7137,6
7138,11
7139,11
7140,5
7141,6
7142,11
7143,1
7144,23
7145,1
7146,2
7147,1
7148,1
7149,16
7150,7
7151,11
7152,1
7158,6
7159,18
7160,13
7161,1
7162,44
7163,23
7164,7
7165,2
7166,8
7167,9
7168,14
7169,4
7170,7
7171,8
7172,6
7173,10
7175,6
7176,16
7177,11
7178,11
7179,8
7180,9
7181,1
7184,1
7188,1
7189,4
7190,2
7192,1
7193,1
7194,1
7196,1
7199,1
7200,2
7201,2
7206,3
7207,1
7208,4
7209,10
7210,1
7211,3
7212,11
7213,2
7214,8
7215,18
7216,1
7217,20
7218,10
7219,10
7220,10
7221,10
7222,11
7223,1
7226,1
7229,11
7230,13
7231,21
7232,45
7233,26
7234,1
7235,9
7236,10
7237,8
7238,9
7239,9
7240,11
7241,10
7242,4
7243,2
7244,28
7245,11
7246,9
7247,11
7248,11
7249,1
7250,20
7251,11
7252,4
7253,2
7254,10
7255,1
7256,10
7257,10
7258,13
7259,9
7260,11
7261,11
7262,9
7263,6
7264,9
7265,8
7266,8
7267,1
7268,1
7278,18
7280,1
7281,4
7282,3
7283,8
7284,8
7285,1
7286,4
7287,11
7288,11
7289,8
7290,11
7291,11
7292,11
7293,7
7294,10
7295,9
7296,8
7297,7
7298,1
7299,9
7300,8
7301,7
7302,1
7303,15
7304,6
7305,11
7306,2
7307,17
7308,11
7309,4
7310,7
7311,9
7312,3
7313,1
7314,3
7319,7
7321,1
7322,2
7323,20
7324,2
7325,3
7326,1
7327,20
7328,22
7329,36
7330,1
7331,2
7334,2
7335,8
7341,25
7342,4
7343,1
7344,1
7345,1
7346,4
7347,1
7348,2
7349,2
7350,3
7351,1
7352,2
7353,1
7354,2
7355,2
7356,1
7357,1
7358,1
7359,7
7360,11
7361,9
7362,11
7363,8
7364,11
7365,8
7366,9
7367,4
7368,8
7369,11
7370,8
7371,7
7372,11
7373,9
7374,10
7375,7
7376,10
7377,9
7378,9
7379,10
7380,7
7381,10
7382,6
7383,11
7384,1
7385,10
7386,10
7387,4
7388,9
7389,1
7396,27
7397,9
7398,3
7399,11
7400,11
7401,7
7402,11
7403,1
7404,9
7405,10
7406,11
7407,6
7408,8
7409,9
7410,2
7411,10
7412,6
7413,4
7414,2
7415,7
7416,5
7417,9
7418,8
7419,5
7420,2
7421,6
7422,2
7424,20
7426,35
7427,5
7428,2
7429,1
7438,38
7439,3
7440,8
7441,16
7442,29
7443,2
7444,2
7445,6
7446,10
7449,8
7450,2
7451,5
7452,20
7453,9
7454,11
7455,11
7456,7
7457,8
7458,7
7459,11
7460,2
7461,9
7462,5
7463,39
7464,11
7465,1
7471,2
7472,2
7473,1
7474,2
7481,5
7482,1
7483,2
7484,1
7485,6
7486,10
7487,1
7496,3
7497,1
7498,3
7499,8
7500,6
7501,10
7502,6
7503,8
7504,8
7505,3
7506,8
7507,10
7508,6
7509,10
7510,9
7511,11
7512,11
7513,8
7514,10
7515,21
7517,5
7518,9
7519,1
7520,5
7521,1
7522,10
7527,9
7528,11
7529,14
7530,17
7531,44
7532,8
7533,34
7534,1
7535,8
7536,5
7537,11
7538,1
7540,5
7541,2
7542,1
7543,10
7544,5
7545,5
7546,1
7549,1
7550,2
7551,34
7552,1
7553,19
7554,2
7555,3
7556,2
7562,1
7563,36
7564,23
7565,1
7566,37
7569,7
7573,9
7574,9
7575,6
7576,1
7577,10
7578,9
7579,12
7580,9
7581,7
7582,9
7583,11
7584,6
7585,11
7586,8
7587,9
7588,5
7589,10
7590,10
7591,10
7592,11
7593,8
7595,10
7596,8
7597,7
7598,7
7599,4
7600,1
7609,14
7610,2
7611,2
7612,7
7613,1
7614,11
7615,11
7616,11
7617,11
7618,11
7619,5
7620,7
7621,8
7622,1
7623,11
7624,11
7625,9
7626,6
7627,10
7628,11
7629,11
7630,8
7631,11
7632,5
7633,11
7634,10
7635,6
7636,11
7637,3
7638,1
7639,22
7640,25
7641,2
7642,2
7643,10
7644,1
7646,4
7647,8
7651,1
7652,1
7653,36
7654,23
7655,1
7656,3
7657,38
7659,6
7662,9
7663,3
7666,26
7667,5
7668,5
7669,9
7670,9
7671,10
7672,10
7673,9
7674,9
7675,5
7676,5
7677,3
7678,10
7679,19
7680,8
7681,11
7682,7
7684,10
7685,14
7686,5
7687,5
7688,2
7689,11
7690,10
7691,1
7692,11
7693,3
7694,1
7695,1
7698,1
7704,1
7705,1
7706,1
7707,11
7708,11
7709,6
7710,11
7711,10
7712,11
7713,10
7714,2
7715,4
7716,16
7717,5
7719,2
7720,7
7721,11
7722,11
7723,11
7724,1
7726,11
7730,11
7731,6
7732,14
7733,36
7734,1
7735,43
7736,16
7737,2
7738,11
7739,11
7740,11
7741,11
7742,11
7743,8
7744,11
7745,7
7746,7
7747,11
7748,11
7749,6
7750,13
7751,9
7752,2
7753,1
7754,1
7759,5
7760,1
7761,1
7762,2
7763,6
7764,1
7765,10
7766,9
7767,2
7768,10
7769,11
7770,11
7771,11
7772,6
7774,7
7775,8
7776,1
7777,11
7778,5
7779,10
7780,8
7781,9
7782,9
7783,7
7784,3
7785,7
7786,10
7787,21
7788,2
7789,16
7790,21
7791,1
7792,3
7793,3
7794,3
7795,1
7801,4
7802,18
7803,19
7804,6
7805,10
7806,35
7807,35
7808,20
7809,7
7810,5
7811,2
7812,11
7813,14
7814,10
7815,6
7816,29
7817,8
7818,10
7819,2
7820,9
7821,4
7822,1
7829,1
7830,1
7831,1
7832,2
7833,1
7834,1
7835,1
7836,1
7847,6
7848,11
7849,1
7850,1
7851,4
7852,10
7853,10
7854,11
7855,6
7856,11
7857,10
7858,9
7859,11
7860,7
7861,9
7862,8
7863,11
7864,1
7865,8
7866,16
7868,12
7869,1
7870,1
7871,4
7872,9
7873,2
7874,10
7875,1
7876,1
7877,3
7878,1
7882,8
7883,11
7885,8
7886,8
7887,13
7888,34
7889,4
7890,37
7891,48
7892,9
7893,10
7894,10
7895,3
7896,10
7897,9
7898,10
7899,11
7900,9
7901,11
7902,8
7903,6
7904,10
7905,40
7906,11
7907,10
7908,6
7909,9
7910,1
7911,1
7912,1
7913,1
7914,1
7922,7
7923,1
7924,10
7925,1
7926,1
7927,11
7928,1
7929,9
7930,11
7931,7
7932,10
7933,5
7934,7
7935,2
7936,9
7937,1
7938,4
7939,8
7940,10
7941,1
7942,9
7943,16
7944,9
7945,9
7946,6
7947,1
7948,5
7949,1
7951,4
7952,2
7953,1
7954,2
7957,4
7964,27
7965,18
7966,8
7967,19
7968,9
7970,4
7972,3
7973,1
7977,2
7978,13
7979,1
7980,1
7981,1
7982,5
7983,11
7984,11
7985,10
7986,1
7987,11
7988,9
7989,16
7990,11
7991,11
7992,9
7993,6
7994,10
7995,9
7996,11
7997,11
7998,11
7999,9
8000,10
8001,7
8002,7
8003,7
8004,6
8005,6
8006,5
8007,9
8008,8
8009,3
8010,12
8011,12
8012,2
8013,1
8014,1
8016,3
8027,18
8028,8
8029,1
8030,1
8031,33
8032,14
8033,1
8034,11
8035,2
8036,5
8037,39
8038,10
8039,11
8041,2
8042,1
8043,2
8044,4
8045,3
8046,1
8047,11
8048,2
8049,7
8050,2
8051,1
8052,3
8053,1
8054,2
8056,10
8060,11
8061,18
8062,2
8063,6
8064,2
8065,1
8066,10
8067,4
8068,14
8069,3
8073,11
8076,11
8079,1
8080,1
8081,1
8082,2
8083,1
8084,2
8085,1
8087,30
8088,6
8089,48
8090,49
8091,8
8092,1
8093,47
8094,47
8095,47
8096,8
8097,1
8098,2
8099,2
8100,1
8101,7
8102,1
8103,2
8105,10
8106,9
8109,11
8112,26
8113,24
8114,31
8115,19
8116,2
8117,9
8118,11
8119,10
8120,2
8121,11
8122,11
8123,10
8124,12
8125,7
8126,10
8127,9
8128,9
8129,11
8130,1
8131,1
8132,6
8133,1
8136,33
8137,2
8138,3
8148,18
8149,26
8150,2
8151,22
8153,9
8154,9
8155,6
8156,4
8157,11
8158,7
8159,10
8160,10
8161,10
8162,6
8163,11
8164,7
8165,26
8166,2
8167,7
8168,11
8169,10
8170,8
8171,7
8172,1
8173,11
8174,11
8175,27
8176,1
8177,1
8178,1
8180,1
8187,10
8188,1
8189,30
8190,24
8191,17
8192,1
8193,11
8194,1
8195,4
8196,26
8197,5
8198,4
8199,1
8200,4
8201,1
8202,31
8203,3
8204,5
8206,13
8210,1
8211,11
8212,7
8213,9
8214,7
8215,9
8216,11
8217,9
8218,9
8219,2
8220,26
8221,4
8222,1
8223,2
8224,32
8225,3
8230,7
8232,2
8233,2
8234,6
8235,5
8236,1
8237,4
8238,23
8239,1
8240,5
8243,6
8244,8
8245,10
8246,4
8247,3
8248,10
8249,2
8252,1
8254,1
8259,4
8261,12
8264,8
8265,3
8266,7
8267,1
8268,9
8269,3
8270,8
8271,10
8272,8
8273,8
8274,9
8275,10
8276,9
8277,2
8278,11
8279,7
8280,26
8281,2
8286,11
8287,11
8288,3
8289,23
8290,2
8291,1
8292,3
8293,14
8294,11
8295,3
8296,4
8297,5
8298,5
8299,4
8300,7
8301,11
8302,6
8303,1
8304,3
8305,3
8306,30
8307,1
8308,3
8309,1
8312,7
8313,4
8315,8
8316,9
8317,8
8318,10
8319,13
8320,7
8321,11
8322,6
8323,8
8324,30
8325,9
8326,1
8327,3
8328,2
8329,1
8334,10
8335,10
8336,4
8337,9
8338,9
8339,1
8340,48
8341,16
8342,2
8343,9
8344,19
8345,4
8346,2
8347,1
8348,6
8349,1
8351,2
8358,3
8359,1
8360,1
8361,1
8369,23
8370,1
8371,2
8372,11
8373,33
8374,11
8375,2
8376,9
8377,11
8378,4
8379,12
8380,1
8381,7
8382,15
8383,4
8384,6
8385,2
8386,1
8391,10
8392,10
8393,10
8394,11
8395,10
8396,10
8397,5
8398,4
8399,10
8400,42
8401,10
8402,6
8403,4
8404,7
8405,31
8406,28
8407,10
8408,4
8409,3
8410,4
8411,6
8412,2
8413,2
8418,9
8419,9
8420,9
8421,9
8422,10
8423,11
8424,15
8425,11
8426,1
8427,11
8428,10
8429,11
8430,9
8431,11
8432,10
8433,9
8434,13
8435,5
8436,10
8437,3
8438,9
8439,9
8440,2
8441,10
8442,8
8443,6
8444,12
8445,1
8446,1
8449,1
8451,30
8452,1
8453,12
8454,50
8455,11
8456,2
8457,2
8458,7
8468,24
8469,2
8470,1
8471,11
8472,20
8473,11
8474,10
8475,10
8476,10
8477,8
8478,11
8479,6
8480,11
8481,2
8482,11
8483,3
8484,1
8485,9
8486,11
8487,9
8488,11
8489,9
8490,2
8491,1
8492,9
8493,2
8494,1
8495,4
8496,34
8497,15
8498,46
8499,1
8500,14
8501,1
8502,10
8504,11
8508,10
8510,3
8511,9
8512,1
8513,9
8514,8
8515,1
8516,1
8519,1
8524,1
8525,25
8526,9
8527,1
8528,12
8529,25
8530,10
8531,1
8532,8
8533,11
8534,4
8535,1
8536,8
8537,10
8538,10
8539,1
8540,8
8541,30
8542,7
8543,23
8544,19
8545,48
8546,10
8547,12
8548,3
8549,1
8553,7
8554,7
8555,9
8556,9
8557,8
8558,14
8559,8
8560,10
8561,5
8562,1
8563,1
8564,1
8570,12
8571,4
8574,2
8575,25
8576,9
8577,11
8578,5
8579,8
8580,7
8581,11
8582,11
8583,10
8584,9
8585,11
8586,10
8587,10
8588,11
8589,11
8590,3
8591,5
8592,11
8593,11
8594,10
8595,9
8596,33
8597,1
8598,47
8599,16
8600,2
8601,6
8602,11
8603,1
8604,1
8605,11
8612,5
8613,1
8614,2
8617,1
8618,18
8619,7
8620,1
8621,31
8622,47
8623,1
8624,1
8625,10
8626,1
8627,20
8628,2
8637,19
8638,3
8639,1
8640,10
8641,30
8642,12
8643,9
8644,10
8645,9
8646,5
8647,11
8648,4
8649,10
8650,10
8651,12
8652,4
8653,10
8654,10
8655,11
8656,1
8657,33
8658,1
8659,4
8660,47
8661,2
8662,1
8663,1
8664,7
8665,5
8666,1
8667,6
8671,9
8675,11
8676,17
8677,8
8678,7
8679,4
8680,1
8681,32
8682,47
8683,2
8684,1
8685,2
8686,17
8687,1
8688,6
8693,10
8696,10
8697,9
8698,11
8699,5
8700,1
8701,10
8702,1
8706,9
8707,3
8708,24
8709,31
8710,1
8711,1
8712,47
8713,2
8714,3
8715,2
8716,4
8726,3
8727,4
8728,31
8729,2
8730,1
8731,1
8732,4
8733,9
8734,3
8735,11
8736,8
8737,10
8738,8
8739,11
8740,11
8741,3
8742,1
8743,10
8744,4
8745,8
8746,32
8747,1
8748,1
8749,46
8750,2
8751,1
8752,11
8753,5
8754,7
8755,1
8756,3
8757,1
8758,1
8763,11
8765,10
8766,7
8770,8
8771,10
8772,11
8773,12
8774,11
8775,11
8776,11
8777,11
8778,10
8779,4
8780,1
8781,9
8782,1
8783,10
8784,8
8785,2
8786,3
8787,11
8788,24
8789,6
8790,5
8791,11
8792,11
8793,4
8794,7
8795,1
8796,2
8799,8
8800,4
8804,21
8805,4
8806,5
8807,1
8808,1
8809,8
8810,8
8811,6
8812,4
8813,30
8814,21
8815,3
8816,5
8817,2
8818,8
8819,2
8820,1
8822,4
8829,1
8830,1
8834,31
8838,15
8839,11
8840,9
8841,10
8842,4
8843,10
8844,8
8845,11
8846,10
8847,4
8848,9
8849,7
8850,8
8851,10
8852,2
8853,11
8854,11
8855,11
8856,11
8857,11
8858,10
8859,10
8860,3
8861,11
8862,1
8863,3
8864,3
8865,12
8866,5
8867,34
8868,9
8869,37
8870,1
8871,3
8872,1
8873,9
8874,1
8880,7
8881,12
8882,3
8883,2
8884,9
8885,8
8886,32
8887,8
8889,23
8890,2
8891,10
8892,29
8893,9
8894,1
8895,2
8898,8
8902,5
8906,9
8907,11
8908,10
8909,11
8910,9
8911,1
8914,19
8915,2
8916,1
8918,5
8919,33
8920,11
8921,6
8922,1
8923,1
8924,28
8926,1
8927,1
8928,5
8929,7
8930,2
8941,5
8943,14
8944,2
8945,7
8946,10
8947,2
8948,8
8949,3
8950,9
8951,11
8952,1
8953,11
8954,1
8955,11
8956,11
8957,11
8958,10
8959,3
8960,11
8961,10
8962,11
8963,11
8964,11
8965,11
8966,12
8967,11
8968,22
8969,9
8970,7
8971,10
8972,10
8973,9
8974,9
8975,7
8976,2
8977,4
8978,5
8979,6
8980,1
8981,3
8982,33
8983,23
8984,16
8985,5
8986,1
8987,1
8990,4
8991,1
8992,3
8993,3
9002,1
9008,2
9009,4
9010,38
9011,12
9012,7
9013,9
9014,1
9015,4
9016,20
9017,36
9018,1
9019,22
9020,1
9021,20
9022,12
9023,2
9024,2
9025,1
9026,14
9027,8
9028,10
9029,1
9030,5
9031,11
9032,11
9033,11
9034,11
9035,11
9036,11
9037,11
9038,11
9039,1
9040,4
9041,11
9042,10
9043,4
9044,5
9045,1
9046,2
9050,1
9051,4
9052,1
9053,7
9054,1
9055,1
9056,1
9057,10
9058,2
9059,9
9060,11
9061,10
9062,28
9063,4
9064,7
9065,11
9066,3
9067,11
9073,1
9074,11
9075,13
9076,15
9077,21
9078,28
9079,20
9080,8
9081,4
9082,8
9083,2
9084,10
9085,1
9086,4
9087,1
9088,6
9091,3
9093,2
9095,1
9097,3
9098,1
9099,1
9105,20
9106,3
9107,2
9108,11
9109,11
9110,11
9111,11
9112,11
9113,2
9114,11
9115,1
9116,1
9117,11
9118,10
9119,11
9120,11
9121,22
9122,7
9123,2
9130,11
9132,4
9133,5
9134,21
9135,1
9136,11
9137,2
9138,26
9139,21
9140,12
9142,17
9143,5
9144,8
9145,2
9146,8
9147,8
9148,3
9150,8
9151,1
9152,1
9153,3
9154,1
9160,11
9161,11
9162,10
9163,9
9164,10
9165,11
9166,36
9167,32
9168,5
9169,17
9170,2
9171,2
9172,6
9173,18
9174,11
9175,19
9176,25
9177,1
9178,21
9179,1
9180,9
9181,2
9182,1
9183,9
9185,10
9186,3
9187,10
9188,1
9190,1
9191,3
9192,1
9193,1
9196,43
9200,11
9202,8
9203,11
9204,2
9205,20
9206,24
9207,8
9208,9
9209,8
9210,31
9211,4
9212,3
9213,10
9214,13
9215,19
9216,1
9217,1
9218,2
9219,21
9220,9
9221,2
9222,1
9223,1
9229,11
9230,11
9231,11
9232,2
9233,34
9234,32
9235,32
9236,3
9237,10
9238,2
9239,6
9240,10
9241,8
9242,11
9243,2
9244,9
9245,8
9246,1
9247,1
9248,11
9256,15
9259,14
9260,9
9261,8
9262,2
9263,10
9264,11
9265,11
9266,11
9267,11
9268,10
9269,9
9270,10
9271,11
9272,9
9273,8
9274,17
9275,11
9276,11
9277,1
9278,10
9279,11
9280,10
9281,8
9282,11
9283,10
9284,1
9285,3
9286,29
9287,4
9288,1
9289,4
9290,1
9291,1
9301,11
9302,1
9303,8
9304,11
9305,11
9306,8
9307,23
9308,5
9309,10
9310,3
9311,9
9312,14
9313,18
9314,23
9315,5
9316,2
9317,7
9318,20
9319,4
9320,2
9321,21
9322,2
9323,4
9324,11
9325,25
9326,2
9327,1
9328,8
9329,2
9330,9
9331,3
9332,5
9333,1
9334,1
9335,11
9336,1
9340,1
9341,1
9342,1
9343,1
9344,1
9345,1
9350,15
9351,4
9352,5
9353,1
9354,6
9355,9
9356,2
9357,5
9358,1
9359,1
9360,1
9361,1
9370,1
9371,4
9372,1
9373,8
9374,11
9375,3
9376,10
9377,10
9378,11
9379,11
9380,9
9381,32
9382,10
9383,11
9384,1
9385,1
9386,11
9387,5
9388,1
9389,11
9390,8
9391,2
9392,6
9394,7
9395,8
9396,1
9397,2
9398,3
9399,1
9408,11
9409,1
9410,6
9411,1
9412,7
9413,21
9414,6
9415,1
9416,7
9417,4
9418,10
9419,11
9420,2
9421,1
9427,1
9430,1
9432,1
9433,2
9434,1
9435,3
9436,1
9442,31
9444,11
9445,11
9446,10
9447,11
9448,7
9449,18
9450,9
9451,5
9452,4
9453,15
9454,28
9455,7
9456,5
9457,1
9458,8
9459,9
9460,2
9461,10
9462,11
9463,10
9464,1
9465,11
9466,1
9467,11
9468,11
9469,11
9470,11
9471,11
9472,2
9473,11
9474,10
9475,11
9476,6
9477,2
9478,11
9479,7
9480,7
9481,10
9482,4
9483,1
9484,1
9485,5
9486,1
9487,11
9488,2
9489,3
9490,1
9502,39
9503,3
9504,3
9505,11
9506,4
9507,6
9508,38
9509,1
9510,2
9511,13
9512,23
9513,9
9514,16
9515,10
9516,1
9517,2
9518,17
9519,11
9520,8
9521,1
9522,9
9523,11
9524,11
9525,1
9526,11
9527,11
9528,11
9529,9
9530,2
9531,9
9532,11
9533,11
9534,8
9535,9
9536,9
9537,6
9538,12
9539,11
9540,9
9541,10
9542,9
9543,9
9544,9
9545,4
9546,9
9547,1
9548,1
9549,9
9550,2
9551,3
9552,2
9553,11
9554,1
9555,1
9556,4
9557,11
9559,1
9561,1
9563,7
9564,9
9568,3
9571,9
9572,7
9573,11
9575,7
9576,9
9577,1
9578,3
9579,13
9580,32
9581,20
9582,27
9583,24
9584,6
9585,2
9586,16
9587,24
9588,6
9589,3
9590,3
9591,10
9592,7
9593,8
9594,8
9595,1
9596,1
9597,1
9598,1
9604,1
9605,1
9606,2
9607,1
9608,2
9609,1
9610,11
9611,11
9617,5
9618,11
9619,1
9620,10
9621,10
9622,11
9623,6
9624,2
9625,1
9626,4
9627,14
9628,11
9629,1
9630,11
9631,11
9632,7
9633,11
9634,11
9635,10
9636,1
9637,1
9638,2
9639,10
9640,1
9641,9
9642,11
9643,5
9644,11
9645,2
9646,9
9647,6
9648,5
9649,1
9650,3
9651,1
9653,1
9654,2
9655,11
9657,1
9664,5
9665,5
9667,16
9668,18
9669,9
9670,1
9671,27
9672,1
9673,22
9674,4
9675,4
9676,15
9677,3
9678,1
9679,23
9680,1
9681,1
9682,1
9685,8
9686,9
9687,29
9688,5
9689,5
9690,1
9691,1
9692,3
9693,1
9694,1
9695,2
9696,7
9697,1
9699,1
9700,1
9709,1
9711,11
9712,11
9713,11
9714,47
9715,31
9716,4
9717,17
9718,4
9719,1
9720,4
9721,27
9722,12
9723,10
9724,3
9725,1
9726,1
9727,3
9728,1
9729,1
9730,9
9731,11
9732,11
9733,1
9734,11
9735,11
9736,11
9737,11
9738,1
9739,11
9740,1
9741,10
9742,11
9743,11
9744,6
9745,6
9746,11
9747,5
9748,9
9749,5
9750,6
9751,2
9752,3
9753,8
9754,3
9755,1
9756,1
9757,1
9760,2
9762,2
9764,9
9765,10
9766,10
9767,10
9768,10
9769,1
9770,8
9771,9
9772,1
9773,9
9774,1
9775,10
9776,1
9777,2
9778,4
9781,24
9782,20
9783,7
9784,3
9785,1
9786,5
9787,1
9801,11
9802,2
9803,7
9804,10
9805,9
9806,4
9807,47
9808,18
9809,2
9810,33
9811,2
9812,35
9813,10
9814,19
9815,8
9816,4
9817,1
9818,1
9819,6
9820,8
9821,10
9822,5
9823,2
9824,2
9825,1
9833,3
9834,1
9835,1
9836,1
9837,1
9838,1
9839,1
9840,1
9841,1
9845,1
9848,1
9851,3
9852,10
9853,1
9854,9
9855,11
9856,1
9857,7
9858,7
9859,10
9860,7
9861,8
9862,1
9863,1
9864,11
9865,11
9866,7
9867,10
9868,1
9869,5
9870,3
9871,25
9872,1
9875,2
9876,12
9877,6
9878,1
9879,1
9880,2
9881,1
9891,1
9892,2
9893,1
9894,1
9895,1
9896,1
9899,6
9900,4
9901,1
9902,16
9903,8
9904,34
9905,30
9906,1
9907,1
9908,3
9909,5
9910,21
9911,8
9912,8
9913,21
9914,4
9924,7
9925,8
9926,11
9927,11
9928,11
9929,11
9930,11
9931,11
9932,1
9933,11
9934,11
9935,11
9936,11
9937,2
9938,11
9939,21
9940,5
9941,3
9942,2
9943,15
9944,1
9946,2
9947,1
9949,11
9958,11
9959,11
9960,8
9961,9
9962,36
9963,7
9964,31
9965,11
9966,1
9967,37
9968,28
9969,2
9970,1
9971,1
9972,1
9973,2
9974,11
9975,12
9976,11
9977,13
9978,14
9979,1
9980,3
9981,2
9982,1
9983,10
9984,4
9985,1
9986,2
9987,11
9988,3
9989,3
9990,1
9997,1
9999,1
10002,1
10003,7
10004,1
10005,1
10006,9
10007,7
10008,7
10009,4
10010,9
10011,8
10012,1
10013,10
10014,2
10015,1
10016,11
10017,12
10018,1
10019,2
10020,10
10021,9
10024,7
10025,9
10029,7
10033,9
10034,7
10035,8
10036,14
10037,43
10038,2
10039,9
10040,10
10041,16
10042,38
10043,14
10044,5
10045,4
10046,1
10047,1
10049,4
10053,1
10055,1
10056,2
10058,2
10059,1
10063,2
10065,1
10066,11
10067,12
10068,9
10069,9
10070,11
10071,8
10072,11
10073,9
10074,7
10075,1
10076,8
10077,6
10078,5
10079,9
10080,5
10081,7
10082,1
10083,8
10084,1
10085,8
10086,3
10087,1
10088,2
10089,10
10090,1
10091,1
10092,7
10094,3
10106,5
10107,13
10109,2
10110,20
10111,32
10112,25
10113,18
10114,1
10115,4
10116,1
10117,1
10118,37
10120,15
10123,10
10124,9
10125,8
10126,6
10127,10
10128,16
10129,1
10130,10
10131,9
10132,9
10133,11
10134,9
10135,8
10136,9
10137,8
10138,8
10139,10
10140,11
10141,11
10142,11
10143,11
10144,2
10145,11
10146,9
10147,11
10148,5
10149,1
10150,4
10151,1
10152,1
10161,1
10162,3
10163,9
10164,10
10165,7
10166,8
10167,1
10168,1
10172,1
10174,15
10175,1
10176,10
10177,1
10186,3
10187,9
10188,18
10189,7
10190,10
10192,10
10193,1
10194,18
10195,16
10196,13
10197,27
10198,2
10199,2
10200,2
10201,18
10203,1
10204,2
10205,2
10206,3
10207,2
10208,14
10209,4
10210,1
10211,1
10212,2
10213,4
10214,1
10215,1
10216,13
10217,18
10218,1
10219,1
10220,1
10221,1
10222,1
10226,8
10229,2
10230,2
10231,1
10238,5
10239,25
10240,40
10241,31
10242,1
10243,32
10244,23
10245,2
10246,3
10247,10
10248,18
10249,7
10250,2
10251,3
10253,4
10255,23
10260,1
10261,6
10262,1
10263,11
10264,1
10265,1
10266,3
10267,1
10273,5
10274,10
10275,4
10276,2
10277,3
10278,6
10279,2
10280,4
10281,4
10282,3
10283,5
10284,1
10285,2
10286,1
10287,1
10288,1
10291,3
10295,2
10296,6
10297,11
10298,4
10299,1
10300,11
10301,3
10302,1
10303,24
10304,2
10305,11
10306,1
10307,11
10308,11
10309,11
10310,2
10311,14
10312,1
10313,8
10314,2
10315,12
10316,1
10317,1
10318,3
10319,1
10320,1
10324,11
10330,11
10333,1
10336,1
10338,3
10339,1
10340,43
10341,4
10342,37
10343,32
10344,9
10345,12
10346,10
10347,7
10348,18
10349,9
10350,2
10351,14
10352,11
10353,4
10355,1
10356,1
10359,2
10360,3
10361,1
10362,2
10363,2
10364,4
10365,1
10368,2
10369,1
10370,1
10372,1
10374,2
10375,3
10376,1
10377,1
10378,1
10381,1
10382,9
10383,4
10384,8
10385,7
10387,11
10388,11
10389,11
10390,11
10391,8
10392,5
10393,10
10394,10
10395,9
10396,8
10397,11
10398,3
10399,3
10400,16
10401,1
10402,11
10403,1
10404,11
10405,1
10406,24
10407,1
10408,1
10409,4
10410,1
10411,3
10412,1
10415,3
10419,1
10420,1
10425,1
10426,3
10427,1
10428,11
10429,5
10430,5
10431,1
10432,8
10433,1
10434,5
10435,43
10436,13
10437,21
10438,9
10439,21
10441,47
10442,10
10443,10
10444,17
10445,7
10446,4
10447,2
10448,10
10449,15
10450,7
10451,9
10452,10
10453,11
10454,11
10455,5
10456,2
10457,5
10458,4
10459,1
10460,3
10461,5
10462,3
10463,16
10464,10
10465,1
10468,10
10469,1
10470,1
10471,1
10472,1
10473,2
10476,1
10477,1
10478,1
10479,1
10480,1
10481,3
10482,2
10483,1
10484,1
10485,1
10486,3
10487,1
10488,1
10489,1
10490,2
10491,4
10492,7
10493,1
10494,2
10495,2
10500,2
10501,21
10502,17
10503,3
10504,1
10505,3
10506,1
10507,2
10508,1
10509,1
10510,1
10512,23
10513,16
10514,5
10515,1
10516,1
10525,1
10526,3
10527,8
10529,4
10530,8
10531,10
10532,11
10533,11
10534,11
10535,11
10536,1
10537,25
10538,11
10539,38
10540,32
10541,1
10542,19
10543,2
10544,6
10545,11
10546,1
10547,4
10548,9
10549,11
10550,2
10551,2
10552,2
10553,1
10554,11
10555,11
10556,8
10557,10
10558,11
10559,11
10560,16
10561,8
10562,11
10563,1
10564,11
10565,11
10566,8
10567,9
10568,2
10569,18
10570,11
10571,11
10572,1
10573,11
10574,8
10575,4
10576,2
10577,1
10578,1
10580,13
10582,10
10583,9
10592,18
10593,5
10594,9
10595,5
10596,32
10597,6
10598,38
10599,9
10600,10
10601,36
10602,20
10603,17
10604,15
10605,36
10606,1
10607,4
10608,4
10609,2
10610,1
10611,8
10612,11
10613,8
10614,11
10615,1
10616,1
10617,11
10618,7
10619,11
10620,11
10621,1
10622,3
10623,1
10624,11
10625,11
10626,9
10627,11
10628,2
10629,11
10630,11
10631,11
10632,11
10633,3
10634,3
10635,11
10636,2
10637,8
10638,1
10639,7
10640,13
10641,2
10645,11
10648,11
10650,2
10651,8
10652,11
10653,11
10654,40
10655,13
10656,31
10657,10
10658,8
10659,4
10660,15
10661,30
10662,5
10663,1
10664,11
10665,11
10666,2
10667,10
10668,11
10669,11
10670,11
10671,25
10672,2
10673,6
10674,1
10675,1
10676,1
10677,2
10680,15
10681,14
10682,7
10683,3
10684,5
10685,7
10686,12
10687,11
10688,2
10689,12
10690,11
10691,11
10692,8
10693,9
10694,10
10695,11
10696,1
10697,9
10698,10
10699,10
10700,11
10701,11
10702,11
10703,11
10704,11
10705,2
10706,11
10707,21
10708,1
10709,1
10710,1
10711,1
10716,4
10717,11
10720,10
10721,9
10722,19
10723,14
10724,31
10725,3
10726,2
10727,6
10728,19
10729,27
10730,8
10731,5
10732,33
10733,1
10734,7
10735,15
10736,2
10737,2
10738,2
10739,1
10740,1
10741,1
10742,1
10743,1
10744,1
10745,3
10746,16
10747,11
10748,6
10749,1
10751,1
10752,1
10761,6
10762,2
10763,31
10764,31
10765,9
10766,11
10767,16
10768,21
10769,17
10770,18
10771,7
10772,6
10773,7
10774,10
10775,11
10776,10
10777,5
10778,4
10779,1
10780,2
10781,9
10782,6
10783,10
10784,7
10787,27
10788,1
10789,10
10790,10
10791,15
10792,11
10793,11
10794,7
10795,3
10796,1
10797,5
10798,11
10799,11
10800,11
10801,7
10802,6
10803,11
10804,9
10805,11
10806,11
10807,11
10808,11
10809,11
10810,11
10811,11
10812,18
10813,1
10814,1
10815,1
10816,4
10817,11
10818,9
10819,2
10820,2
10821,3
10830,11
10831,17
10832,5
10833,4
10834,49
10835,9
10836,22
10837,16
10838,4
10839,31
10840,36
10841,10
10842,1
10843,4
10844,3
10845,11
10846,23
10847,12
10848,11
10849,1
10850,10
10851,11
10852,11
10853,3
10854,1
10857,1
10858,5
10859,1
10860,10
10861,35
10862,10
10863,11
10864,2
10865,11
10866,1
10867,11
10868,11
10869,11
10870,11
10871,1
10872,11
10873,11
10874,11
10875,13
10876,2
10877,5
10878,4
10879,1
10880,1
10881,1
10883,5
10888,11
10891,11
10892,2
10893,1
10895,11
10896,1
10897,47
10898,2
10899,32
10900,15
10901,19
10902,12
10903,7
10904,17
10905,8
10906,2
10907,11
10908,6
10909,8
10910,19
10911,7
10912,11
10913,8
10914,3
10915,1
10916,7
10917,2
10918,10
10919,11
10920,4
10921,11
10922,1
10923,9
10924,11
10925,11
10926,10
10927,9
10928,1
10929,11
10930,1
10931,11
10932,11
10933,5
10934,3
10935,1
10938,7
10939,1
10940,1
10949,1
10950,3
10951,7
10952,4
10953,21
10954,10
10955,33
10956,1
10957,6
10958,10
10959,2
10960,33
10961,2
10962,3
10963,28
10964,19
10965,19
10966,10
10967,11
10968,6
10969,11
10970,1
10971,11
10972,1
10973,10
10974,11
10975,9
10976,1
10977,11
10978,2
10979,11
10980,2
10981,11
10982,11
10983,12
10984,11
10985,11
10986,11
10987,11
10988,3
10989,11
10990,11
10991,1
10992,11
10993,11
10994,31
10995,2
10996,4
10997,1
10998,1
10999,7
11000,2
11001,11
11002,8
11003,1
11004,1
11005,1
11006,3
11007,1
11014,10
11016,9
11017,8
11018,4
11019,46
11020,29
11021,2
11022,14
11023,15
11024,20
11025,6
11026,28
11027,12
11028,2
11029,9
11030,1
11031,8
11032,9
11033,9
11034,1
11035,3
11036,7
11037,7
11038,10
11039,1
11040,5
11041,8
11042,10
11043,1
11044,24
11045,4
11046,9
11047,11
11048,1
11049,7
11050,10
11051,9
11052,10
11053,1
11054,1
11055,2
11056,2
11057,1
11058,1
11061,15
11062,1
11063,6
11064,2
11065,1
11066,4
11067,1
11074,1
11075,1
11077,8
11078,2
11080,7
11081,9
11082,10
11083,9
11084,7
11085,2
11086,2
11087,46
11088,2
11089,1
11090,21
11091,5
11092,8
11093,26
11094,2
11095,27
11096,17
11097,19
11098,6
11099,8
11100,6
11101,4
11102,2
11103,1
11104,1
11105,1
11106,1
11109,1
11110,25
11111,17
11112,10
11113,8
11114,11
11115,7
11116,5
11117,11
11118,10
11119,2
11120,1
11121,1
11122,12
11123,8
11124,2
11125,10
11126,11
11127,11
11128,1
11129,11
11130,3
11131,8
11132,10
11133,11
11134,24
11135,9
11136,11
11137,21
11138,9
11139,27
11140,11
11141,1
11150,11
11151,2
11152,4
11153,16
11154,7
11155,18
11156,3
11157,5
11158,22
11159,2
11160,11
11161,6
11162,2
11163,1
11164,2
11165,43
11166,1
11167,2
11168,1
11169,9
11170,32
11171,4
11172,8
11173,1
11174,24
11175,2
11176,5
11177,6
11178,10
11179,2
11180,15
11189,11
11190,2
11191,31
11192,10
11193,3
11194,34
11195,1
11196,11
11197,21
11198,1
11199,7
11200,11
11201,3
11202,2
11203,1
11204,1
11205,3
11206,27
11207,7
11208,2
11209,3
11210,10
11211,4
11212,1
11213,1
11221,11
11222,13
11223,23
11224,23
11225,1
11226,16
11227,12
11228,2
11229,13
11230,7
11231,7
11232,8
11233,11
11234,9
11235,11
11236,6
11237,3
11238,2
11239,7
11240,1
11241,1
11242,21
11243,29
11244,2
11245,8
11246,1
11248,1
11249,1
11258,1
11259,4
11260,7
11261,2
11264,9
11265,2
11266,8
11267,10
11268,1
11269,30
11270,20
11271,31
11272,13
11273,2
11274,4
11275,17
11276,11
11277,2
11278,5
11279,12
11280,11
11281,23
11282,11
11283,1
11284,1
11285,11
11286,11
11287,14
11288,11
11289,11
11290,7
11291,1
11292,11
11293,1
11294,11
11295,10
11296,7
11297,11
11298,3
11299,7
11300,10
11301,1
11302,10
11303,9
11304,9
11305,29
11306,24
11307,17
11308,6
11309,1
11310,2
11311,8
11318,1
11319,10
11320,11
11321,35
11322,17
11323,15
11324,5
11325,15
11326,3
11327,10
11328,9
11329,30
11330,11
11331,10
11332,20
11333,3
11334,27
11335,12
11336,8
11337,1
11338,11
11339,11
11340,11
11341,11
11342,11
11343,1
11344,9
11345,11
11346,11
11347,11
11348,1
11349,11
11350,9
11351,11
11352,2
11353,9
11354,28
11355,11
11356,11
11357,10
11358,5
11359,11
11360,9
11361,8
11362,9
11363,11
11364,9
11365,11
11366,1
11367,2
11368,1
11369,1
11370,1
11378,11
11382,49
11383,42
11384,8
11385,11
11386,31
11387,36
11388,1
11389,19
11390,2
11391,10
11392,3
11393,1
11394,11
11395,24
11396,10
11397,1
11398,11
11399,8
11400,11
11401,11
11402,11
11403,1
11404,2
11405,11
11406,1
11407,11
11408,11
11409,11
11410,11
11411,11
11412,11
11413,1
11414,11
11415,11
11416,11
11417,9
11418,10
11419,16
11420,1
11421,2
11422,1
11423,11
11426,8
11430,36
11431,11
11432,8
11433,10
11434,11
11435,10
11436,7
11437,10
11438,19
11439,2
11440,45
11441,36
11442,22
11443,9
11444,25
11445,21
11446,9
11447,9
11448,8
11449,7
11450,13
11451,9
11452,2
11453,6
11454,11
11455,9
11456,9
11457,10
11458,10
11459,9
11460,10
11461,6
11462,2
11463,14
11464,1
11465,6
11466,10
11467,8
11470,1
11471,1
11472,31
11473,3
11474,10
11475,11
11476,11
11477,5
11478,8
11479,1
11480,11
11481,6
11482,9
11483,11
11484,6
11485,11
11486,11
11487,11
11488,21
11489,11
11490,1
11491,5
11492,2
11493,3
11494,3
11495,1
11496,2
11497,1
11498,11
11503,11
11504,11
11509,11
11511,11
11512,23
11513,10
11514,9
11515,8
11516,5
11517,35
11518,43
11519,29
11520,17
11521,23
11522,13
11523,2
11524,1
11525,3
11526,9
11527,1
11528,1
11529,5
11530,4
11531,1
11532,1
11533,1
11534,3
11535,1
11536,2
11537,1
11538,5
11539,9
11540,3
11541,2
11542,1
11543,11
11546,11
11552,11
11553,11
11554,11
11555,1
11556,2
11557,10
11558,10
11559,11
11560,1
11561,1
11562,7
11563,10
11564,9
11565,47
11566,30
11567,15
11568,46
11569,25
11570,21
11571,11
11572,7
11573,3
11574,2
11575,5
11578,1
11579,3
11580,4
11581,9
11582,35
11583,27
11584,7
11585,8
11586,2
11587,4
11588,11
11589,11
11590,11
11591,1
11592,5
11593,1
11596,1
11597,4
11598,3
11599,3
11600,8
11601,8
11602,11
11603,1
11604,8
11605,4
11606,7
11607,14
11608,1
11609,10
11610,9
11611,8
11612,12
11613,11
11614,11
11615,3
11616,24
11617,11
11618,11
11619,11
11620,11
11621,4
11622,2
11623,11
11624,11
11625,42
11626,11
11627,27
11628,16
11629,6
11630,1
11631,4
11632,18
11633,1
11634,4
11635,3
11636,1
11637,1
11641,11
11643,11
11644,11
11645,6
11646,9
11647,10
11648,20
11649,40
11650,45
11651,1
11652,1
11653,36
11654,2
11655,11
11656,11
11657,18
11658,18
11659,4
11660,6
11661,11
11662,34
11663,2
11664,6
11665,7
11666,10
11667,6
11668,8
11669,11
11670,3
11671,9
11672,1
11673,11
11674,10
11675,9
11676,1
11677,6
11678,11
11679,7
11680,11
11681,27
11682,21
11683,7
11684,1
11685,10
11686,5
11687,10
11688,1
11689,6
11690,3
11692,1
11693,1
11694,3
11695,2
11696,1
11697,1
11699,9
11703,10
11705,3
11707,1
11708,41
11709,28
11710,48
11711,34
11712,20
11713,2
11714,2
11715,5
11716,15
11717,2
11718,1
11719,6
11721,1
11722,1
11723,2
11726,1
11727,4
11728,2
11729,1
11730,21
11731,11
11732,9
11733,11
11734,7
11735,9
11736,10
11737,3
11738,9
11739,11
11740,10
11741,2
11742,3
11743,7
11744,1
11745,3
11746,8
11747,9
11748,1
11749,14
11750,3
11751,3
11752,3
11753,6
11754,1
11755,1
11756,1
11757,1
11760,22
11761,1
11762,27
11763,8
11764,9
11765,3
11766,11
11767,1
11768,6
11769,1
11770,4
11771,11
11772,2
11773,1
11774,1
11778,11
11781,1
11782,11
11783,1
11784,11
11785,20
11786,39
11787,27
11788,1
11789,34
11790,5
11791,25
11792,5
11793,30
11794,3
11795,10
11796,7
11797,11
11798,27
11799,3
11800,11
11801,6
11802,9
11803,9
11804,11
11805,1
11806,11
11807,1
11808,8
11809,1
11810,10
11811,11
11812,11
11814,7
11815,37
11816,7
11817,11
11818,10
11819,3
11820,11
11821,2
11822,1
11823,11
11824,11
11825,1
11826,10
11827,11
11828,1
11829,5
11830,4
11831,1
11833,2
11835,8
11842,1
11843,11
11844,11
11845,8
11846,9
11847,4
11848,6
11849,11
11850,11
11851,11
11852,33
11853,28
11854,35
11855,45
11856,4
11857,6
11858,5
11859,1
11860,2
11861,1
11862,7
11863,14
11864,2
11865,11
11866,9
11867,3
11868,9
11869,7
11870,2
11871,2
11872,9
11875,11
11876,1
11877,10
11878,20
11879,3
11880,3
11881,1
11882,3
11883,11
11884,11
11885,14
11886,11
11887,1
11888,11
11889,12
11890,1
11891,11
11892,7
11893,2
11894,2
11895,1
11896,9
11897,11
11898,1
11899,18
11900,11
11901,7
11902,5
11903,1
11904,1
11906,11
11909,11
11911,11
11915,11
11917,3
11918,10
11919,11
11920,11
11921,9
11922,11
11923,10
11924,10
11925,6
11926,6
11927,3
11928,39
11929,37
11930,1
11931,45
11932,36
11933,3
11934,10
11935,7
11936,10
11937,10
11938,10
11939,10
11940,11
11941,38
11942,1
11943,8
11944,14
11945,11
11946,5
11947,3
11948,9
11949,11
11950,1
11953,3
11954,11
11955,11
11956,1
11957,11
11958,11
11959,8
11960,10
11961,11
11962,11
11963,11
11964,10
11965,5
11966,2
11967,1
11968,2
11969,15
11970,2
11971,10
11972,6
11973,7
11974,1
11975,1
11977,1
11978,11
11981,11
11982,1
11983,6
11984,11
11985,5
11986,2
11987,28
11988,3
11989,31
11990,38
11991,19
11992,1
11993,14
11994,1
11995,3
11996,3
11997,2
11998,1
11999,14
12000,4
12001,1
12002,1
12003,11
12004,4
12005,1
12006,2
12007,8
12008,4
12009,9
12010,3
12013,11
12017,5
12019,2
12020,46
12021,36
12022,2
12023,25
12024,4
12025,1
12026,10
12027,4
12028,20
12029,29
12030,27
12031,5
12032,11
12033,8
12034,27
12035,2
12036,4
12037,5
12038,6
12039,7
12040,3
12041,1
12042,3
12043,3
12046,2
12047,11
12048,10
12049,15
12050,10
12051,1
12052,9
12053,10
12054,11
12055,11
12056,10
12057,1
12058,8
12059,11
12060,11
12061,7
12062,9
12063,11
12064,10
12065,11
12066,11
12067,11
12068,11
12069,11
12070,5
12071,8
12072,10
12073,8
12074,1
12075,10
12077,30
12078,11
12079,19
12080,1
12081,1
12082,2
12083,7
12084,2
12085,1
12086,1
12087,1
12088,1
12089,1
12090,3
12098,43
12099,15
12100,1
12101,11
12102,35
12103,39
12104,14
12105,4
12106,6
12107,6
12108,2
12109,1
12110,6
12111,3
12112,1
12113,1
12116,26
12117,9
12118,24
12119,30
12120,6
12121,11
12122,1
12123,11
12124,11
12125,1
12126,5
12127,4
12128,9
12129,1
12130,6
12131,8
12132,4
12133,9
12134,1
12135,4
12136,6
12137,11
12138,3
12139,4
12140,14
12141,6
12142,2
12143,4
12144,3
12145,8
12147,6
12153,1
12154,7
12155,7
12156,7
12157,47
12158,25
12159,5
12160,48
12161,5
12162,21
12163,7
12164,1
12165,4
12166,5
12167,4
12168,4
12169,1
12170,2
12174,1
12175,10
12176,2
12177,2
12179,1
12183,1
12185,10
12186,11
12187,3
12188,6
12189,6
12190,10
12191,7
12192,6
12193,1
12194,4
12195,5
12196,10
12197,11
12198,2
12199,5
12200,1
12201,11
12202,6
12203,9
12204,2
12205,5
12206,16
12207,6
12208,1
12209,1
12210,1
12211,7
12217,9
12218,4
12219,4
12220,30
12221,34
12222,38
12223,2
12224,2
12225,12
12226,1
12227,4
12228,1
12229,12
12230,1
12233,23
12234,2
12235,1
12236,2
12237,3
12238,3
12241,7
12242,3
12243,1
12244,3
12245,7
12246,2
12247,3
12248,1
12249,1
12250,1
12251,4
12252,17
12253,8
12257,5
12259,4
12260,1
12261,29
12262,4
12263,4
12264,37
12265,24
12266,5
12268,24
12269,1
12270,7
12271,8
12273,1
12277,8
12278,11
12279,10
12280,10
12281,10
12282,8
12283,3
12284,11
12285,11
12286,3
12287,6
12288,6
12290,9
12291,8
12292,8
12293,1
12294,9
12295,2
12296,1
12297,7
12298,9
12299,10
12300,13
12301,5
12302,1
12307,12
12308,4
12309,8
12310,9
12311,9
12312,14
12313,46
12314,4
12315,46
12316,1
12317,41
12318,2
12319,2
12320,1
12321,10
12322,11
12323,3
12324,3
12325,3
12326,7
12327,1
12328,5
12329,1
12330,5
12331,8
12332,1
12333,7
12334,3
12335,9
12336,11
12337,8
12338,11
12339,16
12340,7
12341,1
12342,10
12343,10
12344,1
12347,3
12348,5
12349,2
12350,8
12351,2
12352,4
12353,1
12354,1
12355,2
12356,2
12357,3
12358,7
12359,6
12360,8
12361,1
12362,2
12363,4
12364,6
12365,2
12366,1
12368,11
12371,11
12372,1
12373,1
12374,1
12375,3
12376,3
12377,1
12378,1
12379,18
12380,4
12382,7
12385,1
12387,4
12388,4
12389,9
12391,20
12392,11
12393,36
12394,21
12395,13
12396,10
12397,3
12398,22
12399,4
12400,11
12401,5
12402,1
12403,1
12404,1
12405,3
12406,6
12407,3
12408,1
12409,9
12410,1
12411,2
12412,5
12413,1
12417,5
12418,2
12419,46
12420,34
12421,37
12422,22
12423,2
12424,2
12425,10
12426,1
12427,2
12428,5
12429,7
12430,5
12431,1
12432,1
12433,23
12434,5
12435,1
12436,4
12437,3
12438,8
12443,9
12445,4
12446,9
12447,4
12448,35
12449,41
12450,33
12451,4
12452,1
12453,8
12454,9
12455,10
12456,5
12457,4
12458,3
12459,1
12460,1
12461,1
12462,16
12463,2
12464,3
12465,1
12466,10
12467,1
12468,1
12473,4
12474,10
12475,1
12476,2
12477,47
12478,33
12479,6
12480,1
12481,3
12482,4
12483,28
12484,16
12485,2
12486,1
12487,4
12488,11
12489,13
12490,1
12491,1
12492,9
12493,1
12494,1
12495,6
12496,10
12497,9
12498,1
12499,1
12505,1
12506,11
12507,1
12508,1
12509,7
12510,33
12511,28
12512,1
12513,3
12514,1
12515,27
12516,4
12517,6
12518,3
12519,3
12520,3
12521,8
12522,18
12523,1
12524,1
12525,2
12526,6
12527,4
12528,1
12529,19
12530,2
12531,1
12532,1
12533,7
12534,4
12535,14
12541,8
12542,9
12543,33
12544,6
12545,18
12546,2
12547,28
12548,1
12549,1
12550,7
12551,10
12552,10
12553,12
12554,3
12555,1
12556,1
12557,1
12558,3
12559,1
12560,1
12561,1
12562,20
12563,1
12564,19
12565,3
12566,1
12567,10
12568,2
12569,4
12570,8
12571,1
12572,2
12579,1
12580,47
12581,3
12582,37
12583,1
12584,18
12585,2
12586,5
12587,31
12588,1
12589,5
12591,18
12592,3
12593,1
12594,1
12595,3
12596,13
12597,11
12598,4
12599,7
12600,6
12601,2
12602,1
12609,3
12610,2
12611,6
12612,5
12613,23
12614,34
12615,1
12616,19
12617,8
12618,2
12619,37
12620,11
12621,2
12622,2
12623,26
12624,8
12625,1
12626,1
12627,1
12628,1
12629,7
12630,1
12631,1
12632,3
12633,1
12634,5
12635,1
12636,2
12637,1
12639,1
12640,11
12641,1
12642,1
12649,2
12651,1
12652,7
12653,7
12654,5
12655,1
12656,6
12657,1
12658,4
12659,6
12660,26
12661,28
12662,4
12663,31
12664,47
12665,7
12666,1
12667,8
12668,4
12669,6
12670,1
12671,12
12672,1
12673,11
12674,1
12675,1
12676,1
12677,3
12678,1
12679,34
12680,1
12681,1
12682,2
12683,29
12684,13
12685,4
12686,1
12694,1
12695,3
12696,3
12697,1
12698,48
12699,30
12700,9
12701,7
12702,27
12703,30
12704,4
12705,5
12706,5
12707,1
12708,23
12709,5
12710,1
12711,1
12712,4
12713,1
12714,3
12715,1
12716,2
12717,1
12718,1
12719,15
12720,9
12721,12
12722,1
12723,8
12724,1
12725,1
12726,1
12735,1
12736,3
12737,46
12738,8
12739,12
12740,32
12741,39
12742,15
12743,9
12744,20
12745,10
12746,4
12747,6
12748,8
12749,1
12750,2
12751,27
12752,1
12753,4
12754,2
12755,1
12756,1
12757,3
12758,16
12759,1
12760,17
12761,11
12762,1
12772,1
12773,8
12774,4
12775,3
12776,24
12777,6
12778,21
12779,32
12780,11
12781,1
12782,2
12783,2
12784,1
12785,32
12787,16
12788,3
12789,3
12790,1
12791,1
12792,5
12793,1
12794,1
12795,1
12796,8
12797,1
12798,8
12799,2
12800,4
12802,1
12811,7
12813,1
12815,10
12816,40
12817,23
12818,1
12819,2
12820,29
12821,37
12822,21
12823,6
12824,1
12825,1
12826,1
12827,1
12828,1
12829,1
12830,7
12831,1
12832,1
12833,1
12834,3
12835,4
12836,9
12837,13
12838,5
12839,2
12840,3
12841,2
12849,23
12850,31
12851,33
12852,14
12853,30
12855,3
12856,1
12857,13
12858,5
12859,1
12860,4
12861,2
12862,9
12863,1
12864,1
12865,2
12866,2
12867,2
12868,3
12869,2
12870,6
12871,1
12872,8
12873,6
12874,1
12875,3
12876,1
12877,2
12878,1
12879,1
12887,2
12888,11
12889,10
12890,11
12892,6
12894,11
12895,23
12896,24
12897,19
12898,14
12899,10
12900,3
12901,3
12902,3
12903,1
12904,11
12905,3
12906,2
12907,3
12908,4
12909,6
12910,1
12911,1
12912,11
12913,4
12914,2
12915,2
12916,4
12917,2
12918,1
12923,1
12924,15
12925,6
12926,20
12927,27
12928,13
12929,2
12930,26
12931,2
12932,9
12933,11
12934,40
12935,9
12936,5
12937,22
12938,1
12939,1
12940,1
12941,1
12942,11
12943,1
12944,7
12945,2
12946,7
12947,12
12948,7
12949,1
12950,3
12951,6
12952,1
12953,1
12962,1
12963,11
12964,46
12965,5
12966,35
12967,8
12968,3
12969,2
12971,22
12972,11
12973,13
12974,5
12975,1
12976,1
12977,10
12978,6
12979,28
12980,26
12981,23
12982,5
12983,1
12984,4
12985,3
12986,1
12994,1
12995,47
12996,2
12997,2
12998,1
12999,21
13000,31
13001,10
13002,6
13003,10
13004,19
13005,4
13006,1
13007,7
13008,1
13009,7
13010,1
13011,1
13012,1
13013,1
13014,10
13015,2
13016,15
13017,25
13018,2
13019,3
13020,11
13026,1
13027,1
13028,3
13029,27
13030,11
13031,48
13032,13
13033,28
13035,2
13036,2
13037,3
13038,9
13039,1
13040,2
13041,19
13042,1
13043,3
13044,1
13045,18
13046,1
13047,1
13048,7
13049,1
13050,2
13051,1
13052,31
13057,9
13058,10
13059,31
13060,2
13061,12
13062,23
13063,15
13064,1
13065,1
13066,14
13067,14
13068,1
13069,6
13070,1
13071,7
13072,2
13073,8
13074,3
13075,1
13077,14
13078,1
13081,11
13082,11
13083,9
13087,1
13088,1
13089,11
13090,9
13091,21
13092,4
13093,38
13094,27
13095,5
13096,22
13097,2
13098,8
13099,12
13100,26
13101,9
13102,4
13103,6
13104,12
13105,2
13106,1
13107,22
13108,1
13109,3
13110,7
13111,1
13112,4
13113,11
13114,1
13115,47
13116,1
13117,1
13118,3
13120,11
13125,11
13126,11
13128,1
13129,11
13130,45
13131,4
13132,3
13133,29
13134,21
13135,24
13136,16
13137,27
13138,4
13139,1
13140,3
13141,33
13142,2
13143,1
13144,31
13145,5
13146,3
13147,5
13148,2
13149,4
13150,6
13151,12
13152,24
13153,13
13154,1
13155,10
13156,1
13157,1
13167,1
13168,4
13169,30
13170,46
13171,26
13172,11
13173,6
13174,28
13175,5
13176,10
13177,6
13178,18
13179,11
13180,10
13181,8
13182,12
13183,1
13184,29
13186,2
13188,2
13189,20
13190,10
13191,26
13192,1
13193,3
13194,19
13195,6
13196,3
13206,1
13207,1
13208,1
13209,11
13210,1
13211,49
13212,7
13213,33
13214,2
13215,30
13216,18
13217,5
13218,26
13219,5
13220,11
13221,25
13223,8
13224,15
13225,4
13226,12
13227,1
13228,2
13229,4
13230,4
13231,1
13232,5
13233,5
13234,1
13237,1
13238,1
13239,5
13240,1
13241,1
13242,30
13243,12
13244,12
13245,4
13246,24
13247,14
13248,2
13254,1
13257,46
13258,6
13259,2
13260,4
13261,1
13262,14
13263,34
13264,20
13265,34
13266,19
13267,9
13268,37
13269,2
13270,2
13271,3
13272,12
13273,5
13274,1
13275,9
13276,1
13277,1
13278,2
13279,6
13280,1
13281,5
13282,3
13283,6
13285,17
13286,19
13287,3
13288,2
13289,11
13290,8
13291,11
13292,25
13293,11
13294,1
13296,1
13297,1
13298,4
13299,2
13309,4
13310,8
13311,8
13312,1
13313,3
13314,44
13315,32
13316,7
13317,5
13318,31
13319,9
13320,3
13321,21
13322,3
13323,5
13324,1
13325,1
13326,28
13327,5
13328,13
13329,5
13330,3
13331,13
13332,2
13333,8
13334,1
13335,1
13336,3
13337,29
13338,1
13339,3
13340,19
13341,6
13342,10
13343,5
13344,3
13346,1
13347,1
13348,1
13349,1
13350,11
13351,2
13352,12
13354,5
13360,8
13364,1
13365,1
13366,5
13368,9
13369,11
13370,2
13371,4
13372,7
13373,7
13374,31
13375,35
13376,29
13377,2
13378,1
13379,1
13380,28
13381,9
13382,24
13383,17
13384,7
13385,26
13386,4
13387,1
13388,4
13389,2
13390,7
13391,1
13393,29
13394,13
13395,8
13396,1
13397,1
13398,11
13399,1
13400,1
13401,3
13402,1
13403,2
13404,13
13405,12
13406,7
13407,1
13408,3
13409,2
13410,11
13423,1
13424,11
13425,10
13426,43
13427,31
13428,13
13429,10
13430,30
13431,30
13432,9
13433,33
13434,18
13435,6
13436,1
13437,36
13438,2
13439,18
13440,8
13441,2
13442,9
13443,1
13444,1
13445,1
13446,1
13447,13
13448,1
13449,10
13450,1
13451,3
13452,1
13453,8
13454,25
13455,27
13456,4
13457,7
13458,5
13459,6
13461,1
13462,1
13464,8
13465,11
13466,2
13467,2
13477,11
13478,2
13479,11
13480,11
13481,1
13482,33
13483,22
13484,34
13485,30
13486,15
13487,1
13488,6
13489,12
13490,11
13491,8
13492,32
13493,25
13494,2
13495,20
13496,10
13497,20
13498,1
13499,10
13500,3
13501,2
13502,2
13503,12
13504,3
13505,3
13506,2
13507,5
13508,12
13509,12
13510,7
13511,11
13512,6
13514,1
13515,1
13525,1
13526,1
13527,9
13528,11
13529,10
13530,4
13531,3
13532,2
13533,32
13534,44
13535,4
13536,32
13537,10
13538,27
13539,4
13540,9
13541,21
13542,11
13543,6
13544,10
13545,15
13546,2
13547,2
13548,5
13549,1
13550,3
13551,8
13553,28
13554,9
13556,8
13557,26
13558,10
13559,6
13560,1
13561,10
13562,11
13563,1
13564,4
13565,1
13566,11
13567,1
13568,1
13569,1
13577,11
13580,11
13581,1
13582,7
13583,8
13584,3
13585,45
13586,2
13587,29
13588,18
13589,17
13590,3
13591,10
13592,13
13593,12
13594,2
13595,3
13596,10
13597,26
13598,1
13599,2
13601,16
13602,3
13603,1
13604,1
13605,1
13606,5
13607,5
13608,2
13609,26
13610,1
13611,1
13612,1
13613,3
13614,34
13615,24
13616,5
13617,1
13618,2
13619,7
13620,11
13621,3
13623,10
13624,10
13625,10
13636,6
13637,6
13638,5
13639,47
13640,19
13641,9
13642,9
13643,13
13644,33
13645,29
13646,13
13647,1
13648,1
13649,14
13650,11
13651,4
13652,3
13653,1
13654,1
13655,7
13656,2
13657,24
13658,1
13659,2
13660,11
13661,5
13662,10
13663,1
13664,1
13665,2
13666,6
13667,21
13668,7
13669,5
13670,1
13671,11
13672,19
13673,4
13674,10
13683,8
13684,11
13685,7
13686,8
13687,17
13688,9
13689,46
13690,21
13691,11
13692,32
13693,10
13694,30
13695,3
13696,2
13697,12
13698,2
13699,1
13700,6
13701,9
13702,3
13703,2
13704,3
13705,11
13706,3
13707,4
13708,3
13709,3
13710,3
13711,1
13712,21
13713,4
13714,4
13715,12
13716,17
13717,5
13718,10
13719,1
13720,8
13721,1
13722,1
13732,2
13733,4
13734,4
13735,6
13736,1
13737,1
13738,33
13739,2
13740,4
13741,14
13742,1
13743,10
13744,22
13745,34
13746,6
13747,33
13748,12
13749,1
13750,19
13751,4
13752,1
13753,6
13754,2
13755,1
13756,6
13757,1
13758,25
13759,3
13760,1
13761,2
13762,1
13763,5
13764,5
13765,7
13766,11
13767,11
13768,28
13769,1
13770,13
13771,4
13772,8
13773,2
13774,1
13785,1
13786,39
13787,6
13788,30
13789,40
13790,20
13791,10
13792,2
13793,22
13794,12
13795,1
13796,27
13797,2
13798,2
13799,1
13800,1
13801,12
13802,7
13803,3
13804,1
13805,1
13806,3
13807,23
13808,4
13809,29
13810,18
13811,1
13812,11
13813,11
13825,1
13826,1
13829,1
13830,1
13831,1
13837,1
13838,1
13839,1
13840,1
13841,1
13842,1
13843,1
13844,1
13845,1
13846,1
13847,1
13848,1
13849,1
13850,1
13851,1
13852,1
13853,1
13854,1
13855,1
13856,1
13857,1
13858,1
13859,1
13860,1
13861,1
13862,1
13863,1
13864,1
13882,1
13883,1
13884,1
13885,1
13886,1
13887,1
13888,1
13889,1
13890,1
13892,1
13893,1
13894,1
13896,1
13897,1
13898,1
13899,1
13901,1
13902,1
13908,1
13915,1
13921,1
13922,1
13923,1
13924,1
13925,1
13926,1
13927,1
13928,1
13929,1
13930,1
13931,1
13932,1
13933,1
13934,1
13935,1
13936,1
13954,1
13955,1
13956,1
13957,1
13958,1
13959,1
13960,1
13961,1
13962,1
13963,1
13964,1
13965,1
13966,1
13967,1
13968,1
13969,1
13970,1
13973,1
13975,1
13978,1
13979,1
13985,1
13988,1
13989,1
13991,1
13994,1
13995,1
13997,1
14005,1
14007,1
14011,1
14015,1
14020,1
14021,1
14022,1
14023,1
14024,1
14038,1
14039,1
14040,1
14041,1
14043,1
14046,1
14048,1
14049,1
14050,1
14051,1
14052,1
14055,1
14056,1
14057,1
14061,1
14063,1
14064,1
14069,1
14070,1
14071,1
14072,1
14073,1
14075,1
14080,1
14083,1
14085,1
14089,1
14097,1
14105,1
14108,1
14110,1
14113,1
14114,1
14115,1
14120,1
14127,1
14128,1
14146,1
14147,1
14148,1
14149,1
14150,1
14151,1
14152,1
14153,1
14154,1
14161,1
14164,1
14165,1
14166,1
14167,1
14169,1
14170,1
14174,1
14179,1
14188,1
14189,1
14190,1
14216,1
14218,1
14219,1
14221,1
14242,1
14246,1
14247,1
14248,1
14252,1
14253,1
14262,1
14268,1
14269,1
14270,1
14271,1
14272,1
14273,1
14274,1
14275,1
14295,1
14297,1
14298,1
14301,1
14302,1
14304,1
14305,1
14306,1
14307,1
14310,1
14311,1
14312,1
14313,1
14314,1
14316,1
14318,1
14319,1
14320,1
14322,1
14327,1
14328,1
14332,1
14334,1
14336,1
14337,1
14339,1
14344,1
14362,1
14373,1
14374,1
14381,1
14382,1
14383,1
14394,1
14397,1
14398,1
14399,1
14400,1
14401,1
14402,1
14403,1
14404,1
14405,1
14420,1
14421,1
14422,1
14423,1
14424,1
14425,1
14426,1
14427,1
14428,1
14432,1
14433,1
14437,1
14443,1
14444,1
14445,1
14447,1
14448,1
14449,1
14451,1
14456,1
14457,1
14461,1
14466,1
14472,1
14473,1
14514,1
14515,1
14522,1
14527,1
14529,1
14530,1
14534,1
14543,1
14544,1
14546,1
14552,1
14556,1
14557,1
14558,1
14559,1
14560,1
14561,1
14562,1
14563,1
14565,1
14566,1
14567,1
14584,1
14585,1
14586,1
14587,1
14588,1
14589,1
14590,1
14591,1
14592,1
14593,1
14594,1
14596,1
14597,1
14598,1
14599,1
14600,1
14601,1
14602,1
14603,1
14604,1
14605,1
14606,1
14607,1
14608,1
14609,1
14610,1
14612,1
14613,1
14614,1
14615,1
14616,1
14617,1
14642,1
14647,1
14648,1
14649,1
14650,1
14651,1
14652,1
14653,1
14655,1
14656,1
14660,1
14664,1
14665,1
14668,1
14669,1
14670,1
14671,1
14672,1
14673,1
14674,1
14675,1
14676,1
14677,1
14678,1
14679,1
14680,1
14682,1
14683,1
14685,1
14686,1
14687,1
14688,1
14689,1
14690,1
14691,1
14692,1
14708,1
14715,1
14719,1
14720,1
14723,1
14724,1
14728,1
14729,1
14733,1
14734,1
14736,1
14743,1
14753,1
14754,1
14761,1
14776,1
14782,1
14783,1
14791,1
14793,1
14824,1
14826,1
14828,1
14831,1
14832,1
14840,1
14843,1
14844,1
14847,1
14851,1
14852,1
14853,1
14854,1
14855,1
14856,1
14857,1
14858,1
14860,1
14861,1
14862,1
14863,1
14864,1
14865,1
14881,1
14882,1
14884,1
14889,1
14893,1
14895,1
14896,1
14897,1
14898,1
14902,1
14903,1
14904,1
14906,1
14907,1
14911,1
14917,1
14921,1
14927,1
14930,1
14932,1
14936,1
14944,1
14945,1
14950,1
14953,1
14961,1
14962,1
14969,1
14970,1
14971,1
14974,1
14977,1
14978,1
14979,1
14980,1
14981,1
14982,1
14983,1
14984,1
14985,1
14986,1
14987,1
15000,1
15001,1
15002,1
15004,1
15005,1
15006,1
15007,1
15008,1
15009,1
15010,1
15012,1
15013,1
15014,1
15015,1
15017,1
15030,1
15038,1
15041,1
15045,1
15053,1
15055,1
15056,1
15059,1
15061,1
15069,1
15070,1
15071,1
15072,1
15073,1
15074,1
15075,1
15076,1
15077,1
15078,1
15079,1
15080,1
15081,1
15082,1
15083,1
15101,1
15102,1
15103,1
15104,1
15105,1
15106,1
15107,1
15108,1
15109,1
15110,1
15112,1
15114,1
15115,1
15119,1
15120,1
15121,1
15122,1
15127,1
15128,1
15160,1
15167,1
15171,1
15172,1
15176,1
15184,1
15185,1
15187,1
15188,1
15191,1
15194,1
15196,1
15198,1
15199,1
15201,1
15202,1
15203,1
15204,1
15205,1
15206,1
15207,1
15208,1
15209,1
15224,1
15228,1
15229,1
15230,1
15231,1
15234,1
15235,1
15237,1
15242,1
15243,1
15247,1
15249,1
15250,1
15254,1
15256,1
15257,1
15258,1
15259,1
15260,1
15261,1
15262,1
15263,1
15264,1
15265,1
15267,1
15268,1
15274,1
15277,1
15278,1
15279,1
15280,1
15282,1
15295,1
15296,1
15297,1
15298,1
15299,1
15300,1
15301,1
15302,1
15303,1
15304,1
15305,1
15306,1
15307,1
15316,1
15317,1
15318,1
15319,1
15320,1
15321,1
15322,1
15323,1
15324,1
15325,1
15326,1
15335,1
15336,1
15337,1
15338,1
15339,1
15344,1
20111,13
20112,11
20113,9
20114,4
20115,5
20116,1
20117,1
